{
  "id": "3641641",
  "name": "皮了吗",
  "font_family": "iconfont",
  "css_prefix_text": "icon-",
  "description": "",
  "glyphs": [
    {
      "icon_id": "201666",
      "name": "3.1 返回1",
      "font_class": "31fanhui1",
      "unicode": "e605",
      "unicode_decimal": 58885
    },
    {
      "icon_id": "785046",
      "name": "搜索",
      "font_class": "sousuo",
      "unicode": "e669",
      "unicode_decimal": 58985
    },
    {
      "icon_id": "25537591",
      "name": "喜欢",
      "font_class": "xihuan",
      "unicode": "e7d7",
      "unicode_decimal": 59351
    },
    {
      "icon_id": "1301",
      "name": "应用",
      "font_class": "yingyong",
      "unicode": "e603",
      "unicode_decimal": 58883
    },
    {
      "icon_id": "731452",
      "name": "个人资料",
      "font_class": "moban",
      "unicode": "e61f",
      "unicode_decimal": 58911
    },
    {
      "icon_id": "1371924",
      "name": "认证",
      "font_class": "renzheng",
      "unicode": "e634",
      "unicode_decimal": 58932
    },
    {
      "icon_id": "6129157",
      "name": "116订单、订单明细、收支明细",
      "font_class": "dingdandingdanmingxishouzhimingxi",
      "unicode": "e78a",
      "unicode_decimal": 59274
    },
    {
      "icon_id": "11359862",
      "name": "40show_隐私政策_fill",
      "font_class": "show_yinsizhengce_fill",
      "unicode": "e604",
      "unicode_decimal": 58884
    },
    {
      "icon_id": "11641882",
      "name": "关于",
      "font_class": "guanyu",
      "unicode": "e622",
      "unicode_decimal": 58914
    },
    {
      "icon_id": "21053814",
      "name": "数据库",
      "font_class": "shujuku",
      "unicode": "e687",
      "unicode_decimal": 59015
    },
    {
      "icon_id": "9138960",
      "name": "首页",
      "font_class": "shouye1",
      "unicode": "e602",
      "unicode_decimal": 58882
    },
    {
      "icon_id": "10430",
      "name": "6",
      "font_class": "6",
      "unicode": "e601",
      "unicode_decimal": 58881
    },
    {
      "icon_id": "3092306",
      "name": "时钟",
      "font_class": "shizhong",
      "unicode": "e78b",
      "unicode_decimal": 59275
    },
    {
      "icon_id": "1237028",
      "name": "公告",
      "font_class": "gonggao",
      "unicode": "e64e",
      "unicode_decimal": 58958
    },
    {
      "icon_id": "1130",
      "name": "锁定",
      "font_class": "suoding",
      "unicode": "e600",
      "unicode_decimal": 58880
    },
    {
      "icon_id": "34926",
      "name": "vip",
      "font_class": "vip",
      "unicode": "e6c3",
      "unicode_decimal": 59075
    },
    {
      "icon_id": "4175511",
      "name": "下箭头",
      "font_class": "xiajiantou",
      "unicode": "eb6d",
      "unicode_decimal": 60269
    },
    {
      "icon_id": "4175512",
      "name": "上箭头",
      "font_class": "shangjiantou",
      "unicode": "eb6e",
      "unicode_decimal": 60270
    },
    {
      "icon_id": "5302982",
      "name": "发送",
      "font_class": "zhifeiji",
      "unicode": "e6a0",
      "unicode_decimal": 59040
    },
    {
      "icon_id": "5321529",
      "name": "实名认证",
      "font_class": "shimingrenzheng",
      "unicode": "e65c",
      "unicode_decimal": 58972
    },
    {
      "icon_id": "5387864",
      "name": "关于_o",
      "font_class": "guanyu_o",
      "unicode": "eb77",
      "unicode_decimal": 60279
    },
    {
      "icon_id": "5667969",
      "name": "钱包",
      "font_class": "qianbao",
      "unicode": "e62b",
      "unicode_decimal": 58923
    },
    {
      "icon_id": "7450650",
      "name": "右箭头",
      "font_class": "youjiantou",
      "unicode": "e667",
      "unicode_decimal": 58983
    },
    {
      "icon_id": "11372643",
      "name": "安全",
      "font_class": "anquan",
      "unicode": "e8ab",
      "unicode_decimal": 59563
    },
    {
      "icon_id": "11372658",
      "name": "订单",
      "font_class": "dingdan",
      "unicode": "e8ae",
      "unicode_decimal": 59566
    },
    {
      "icon_id": "11372665",
      "name": "复制",
      "font_class": "fuzhi",
      "unicode": "e8b0",
      "unicode_decimal": 59568
    },
    {
      "icon_id": "22978029",
      "name": "设置",
      "font_class": "shezhi",
      "unicode": "e89d",
      "unicode_decimal": 59549
    },
    {
      "icon_id": "6085775",
      "name": "购物袋",
      "font_class": "gouwudai",
      "unicode": "e655",
      "unicode_decimal": 58965
    },
    {
      "icon_id": "10176405",
      "name": "个人中心",
      "font_class": "gerenzhongxin",
      "unicode": "e60b",
      "unicode_decimal": 58891
    },
    {
      "icon_id": "19317205",
      "name": "公告",
      "font_class": "gonggao1",
      "unicode": "f071",
      "unicode_decimal": 61553
    },
    {
      "icon_id": "17605491",
      "name": "首页",
      "font_class": "shouye",
      "unicode": "e818",
      "unicode_decimal": 59416
    }
  ]
}
